<?xml version="1.0" encoding="UTF-8"?>
<project-private xmlns="http://www.netbeans.org/ns/project-private/1">
    <editor-bookmarks xmlns="http://www.netbeans.org/ns/editor-bookmarks/2" lastBookmarkId="0"/>
    <open-files xmlns="http://www.netbeans.org/ns/projectui-open-files/2">
        <group>
            <file>file:/C:/Users/Nataly/Documents/NetBeansProjects/PBL/src/java/servlets/AlterarAnimalServlet.java</file>
            <file>file:/C:/Users/Nataly/Documents/NetBeansProjects/PBL/src/java/beans/Animal.java</file>
            <file>file:/C:/Users/Nataly/Documents/NetBeansProjects/PBL/src/java/beans/Usuario.java</file>
            <file>file:/C:/Users/Nataly/Documents/NetBeansProjects/PBL/src/java/servlets/AdotarAnimalServlet.java</file>
            <file>file:/C:/Users/Nataly/Documents/NetBeansProjects/PBL/src/java/daos/AnimalDAO.java</file>
            <file>file:/C:/Users/Nataly/Documents/NetBeansProjects/PBL/src/java/servlets/CadastroAnimalServlet.java</file>
            <file>file:/C:/Users/Nataly/Documents/NetBeansProjects/PBL/src/java/servlets/BuscarAnimaisPorTipoServlet.java</file>
            <file>file:/C:/Users/Nataly/Documents/NetBeansProjects/PBL/src/java/servlets/CadastroServlet.java</file>
            <file>file:/C:/Users/Nataly/Documents/NetBeansProjects/PBL/src/java/servlets/BuscarAnimalServlet.java</file>
            <file>file:/C:/Users/Nataly/Documents/NetBeansProjects/PBL/src/java/daos/AcessoDAO.java</file>
            <file>file:/C:/Users/Nataly/Documents/NetBeansProjects/PBL/src/java/servlets/ExcluirAnimalServlet.java</file>
        </group>
    </open-files>
</project-private>
